Text,Humor
"২০২০ এর নির্বাচন থেকে নিজেকে বাতিল করেও জোবাইডেনের কথা ছিল- ""আমি পালাচ্ছি না""",0
"খোলস ছাড়া কচ্ছপ কে কি বলে বলতো ? মরা কচ্ছপ",1
"নতুন ময়নাতদন্ত অনুযায়ী ,পাসকো পুলিশ মেক্সিকান অভিবাসীকে পেছন থেকে গুলি করেছে",0
"আমার জীবন কেমন চলছে? বলা যাক, অনেক বার 'বলা যাক' দিয়ে শুরু করছি বাক্য",1
"আমাদের পরিবারিক গাছকে ক্যাকটাস ও বলা চলে, কারণ যে  পরিমাণ কাটার মত জবান আমাদের",1
ডেটিং টিপ: আপনার ডেটকে অবাক করুন! একদিন আগে এসে উপস্থিত হোন।,1
"আমি আমার গেলফ্রেন্ডকে 'মেলডি' ডাকি, কারণ সে সবসময় চিৎকার করে .",1
"৫  বছরের সম্পর্ক শেষ করে আসলাম তবে আমি মজাতেই  আছি , কারণ সেটা আমার সম্পর্ক ছিল না",1
"অস্কার মনোনয়ন কেমন দেখাবে, সেটা এখানে দেখুন।",0
আমি যদি জীবনে দুটি জিনিস শিখেথাকি তবে তা হ'ল আমি গণনায় ভয়ানক।,1
দাভোস : প্যারিস চুক্তির পর জলবায়ু কার্যকলাপের জন্য পরবর্তী পদক্ষেপ নিয়ে নেতারা পরামর্শ করছে,0
মজার তথ্য: ২০২০ সাল নাগাদ মার্কিন টিভি সিরিয়ালের সব অভিনেতা অস্ট্রেলিয়ান হয়ে যাবে।,1
"আমি তোমাকে একটি রাসায়নিক জোক বলতে চাইতাম, কিন্তু আমি জানি আমি কোনো প্রতিক্রিয়া পাবো না।",1
"আপনি কি জানেন, ডায়রিয়া একটি জেনেটিক রোগ? সেটি আপনার জিন্সে দৌড়ে।",1
ওবামা পোপ ফ্রান্সিসকে হোয়াইট হাউজে স্বাগত জানাচ্ছেন,0
পুলিশের গাড়ির পেছনে সবসময় কালো কী থাকে? সিট।,1
"ব্রিটনি স্পিয়ার্স এমন  একটি মা, যে তার ছেলেমেয়েদের লজ্জা দিতে ভালোবাসে",0
বই নামে একটি কভার ব্যান্ড শুরু কর যাতে কেউ বিচার করতে না পারে আমাদের।,1
"জীবনে দুটি জিনিস শিখেছি, তাতে একটাই হলো আমি গণনা করতে অনেক খারাপ",1
কানাডিয়ান সেনা প্রশিক্ষণে ৬ সপ্তাহ ধরে বেলেচের ফেলা শিখে,1
ক্যাটি পেরি বাচ্চাদের উদ্বোধনী সংগীতের জন্য আমেরিকান পতাকা পোশাক পরে,0
"একজন ছাত্র হিসাবে সবচেয়ে সান্ত্বনাদায়ক শব্দ হল ""আমি ও শুরু করিনি""",1
"কী সাদা, 12 ইঞ্চি লম্বা এবং ফ্লুরোসেন্ট লাইট বাল্ব নয়? কিছুই না।",1
"আপনি যদি কোনও কিছু ভালবাসেন তবে তাকে মুক্ত করুন, যদি না এটি সিংহ হয়। এরকম কখনো করবেন না।",1
"আমি সত্যিই বিরক্ত হয়ে গেছি, আমি আমার কুকুরের জন্মদিন কেক প্রতি ৫২ দিনে তৈরি করতে করতে ",0
"কানিয়ে ওয়েস্ট এই সপ্তাহে ২১টি পাবলো পপ-আপ শপ খুলছে""",0
"যদি আপনি সিন্ড্রেলা উল্টাভাবে দেখেন, তা হলো একটি মহিলা যাকে তার স্থানে ফেরত দেওয়া হয়েছে।",1
দীর্ঘ দিন পর স্টিফেন হকিং কীভাবে সতেজ হন?,0
আপনি কীভাবে হেলেন কেলারকে বিভ্রান্ত করবেন? তাকে একটি বাস্কেটবল দিন এবং এটি পড়তে বলুন।,1
প্রতিটি রাজ্যে কর সিস্টেম কতটা অন্যায্য তা দেখুন,0
চেসমাস্টারটি বিদেশী মহিলাদের কাছে কেন আগ্রহী ছিল? উত্তর: তিনি চেক মেট চাইতেছিলেন।,1
নতুন বছরে আপনার বাড়িকে আনন্দময় এবং আরামদায়ক করার ৭টি উপায়,0
হাতি এবং গন্ডারের বাচ্চাকে কি বলা হয়? হান্ডার...,1
পারালেল পার্কিং করার একটি ধাপের ধাপ গাইড! ১) অন্য কোথাও পার্ক করুন।,1
সিম্বার বাবা খুব ধীরে চলছিলেন তখন সিম্বা তার বাবাকে কি বলল? মুফাসা!,1
ডোনাল্ড ট্রাম্পের যুক্তরাজ্য সফর নিয়ে সংশয়,0
"ইসলামবিদ্বেষ নিয়ে ওবামার বক্তব্যের তীব্র নিন্দা করলেন মার্কো রুবিও
",0
গর্ভাবস্থায় মাছ খাওয়া: পারদের নিম্ন মাত্রা অটিজমের সাথে যুক্ত নয়,0
আমার রুটির কারখানা পুড়ে গেছে। এখন আমার ব্যবসা টোস্ট।,1
তেলাপোকার মতো জীবনসঙ্গী লাগবে জোতা মারলেও যাতে উরে এসে জরিয়ে ধরে,1
"ইস দেখেছো তোমার ভুঁড়ি কতটা বেড়ে গেছে ! কেন নিজে কি? তোমারও তো পেট বেড়েছে!কি যাতা বোকছো?                       
আমি তো মা হতে চলেছিতো কি হয়েছে? আমিও তো বাবা হোতে চলেছি",1
আমি জনৈক লোকাল বাসের হেল্পার আপনাকে বাসা থেকে নিয়ে যেতে এসেছি,1
"শিক্ষককে পিতার মতো -বলে সম্মানিত করা গর্বিত হাইকোর্ট
এদিকে ছাত্রীর সন্তানের পিতা হয়ে যাওয়া কোন এক শিক্ষক",1
কপিলা:আমারে বাতিঘর নিবা না মাঝি? মাঝি:বাড়িত যা কপিলা পিডিএফ পড়,1
"দোস্ত আজকে এক জায়গায় অনেকগুলো পুলিশের গাড়ি দেখছি ...দোস্ত :কোথায়?
থানার সামনে",1
বাবা : ভালো করে পড়াশোনা কর নাহলে একমুঠো ভাতও জুটবে না..আমি:-ভাত না থাকলে পোলাও খাবো,1
"গাড়িতে দুইটা কালা বেটা বইসা আছে ,গাড়ি কে চালায় ?পুলিশ",1
এবারের নির্বাচন আওয়ামী লীগী জিতবে,0
সারা রাত ধুমায় পড়ালেখা করে সকালে যখন পরীক্ষার পর ঘুম থেকে উঠি,0
"সকালবেলা দেরিতে ঘুম থেকে উঠেই ""জমিদার"" হবো",0
"বিশ্বাস তাে সে দিনই চলে গেছে,যেদিন দেখলাম,মশা মারার কয়েলের ওপর মশা বসে আছে।",1
"আসামের মানুষরা দোষ করুক বা না করুক তারা সবসময় আসামী।",1
"কোনক্রমে চ্যাম্পিয়নস ট্রফি নিশ্চিত করে দেশে ফেরা অস্ট্রেলিয়ার নির্লজ্জ ক্যাপ্টেন!
৬টা বিশ্বকাপ জিতে দেশে ফেরা ""বাংলাদেশের জান, বাংলাদেশের প্রাণ""!!",1
ক্যামেরা ম্যান ভুল করে ইউরোপ চলে গেলো নাকী??না ভায়া এটা আমাদের সিলেট.,0
আমার ৩০ মিনিটের ন্যাপগুলো কেন এমন ৩ ঘণ্টার ঘুম হয়?,0
হ্যাঁ ভাই দৌড়াচ্ছি কারন আব্বু পড়তে বসতে বলছে আর ভুলে বলে ফেলেছি “পড়ালেখার মারে***,0
"রাস্তার একটা কাগজ উঠিয়ে ফেলে দেওয়ার জন্যে ধন্যবাদ দিতে থাকা মেয়র
এইদিকে কাগজ কে টাকা মনে করা আমি",1
"১৪ ঘন্টা অফিস করার জন্যে বাহবা দেয়া বস ,বাসায় এসি নেই বলে অফিসে থেকে যাওয়া কর্মী",1
"তুই প্রতিবেশী, প্রতিবেশীর মত থাকবি অন্যের লাইফে তোর নাক গলাবি কেন?",0
আগের যুগের নারীবাদী এ যুগের নারীবাদী,0
বাপের কাপড় খুলে যায় ছেলেকে বড় করতে আর ছেলের কাপড় খুলে যায় মিচেলের ক্যাচ ধরতে,1
আমার ছেলে মানকি সারাদিনে একবারো পড়তে বসে না কিন্তু স্বপ্ন দেশের বাইরে পড়তে যাওয়া,1
"আমার ছেলে মানকি ঘরের খায়, ঘরের পড়ে আর ভার্সিটির ক্লাবকে বলে ফ্যামিলি",1
"আব্বুর জায়গা মেরে কোন ভাই কি পরিমাণ, ভাগ নিবে তা নিয়ে চাচাদের মাঝে গুরুত্বপূর্ণ আলোচনা",1
"ওই মিমি, আমি একটু নির্বাচনের কাজে বিজি, তুই অলরাউন্ডার হিসেবে কয়েকটা উইকেট তুলে দিস তো
ওকে ভাই, ঠিক আছে, কাজ হয়ে যাবে, নো প্রবলেম",0
নামিয়ে দিলাম রূপের পর্দা ক্রাশ খাবে সকল মদ্দা,0
"বোরকা পরে বউ খুঁজছিল যুবক,চোর ভেবে পুলিশে দিলো এলাকাবাসী",0
কাকু তোমার চুইংগামের প্যাকেট পড়ে গেছে।,0
পিনাস কাট টাকা পাবি,1
"আমি ডাক্তার হব ..চ্যাডের বাল হবা, আমরা এখন মুখের ভিতর",1
দাদা ছিল চোর! বাবা ছিল ডাকাত! ভক্তদের আছে চাপা! দলের নাম আফা,0
"আমার টাকার গরমও নাই, রূপের আগুনও নাই শীত তো লাগবেই",0
তোমার প্রবলেম টা কি? আমারে ভালোবাসোনা কেন!,0
বুঝোনা কেন ?তোমাকে শুধু আমার সাথেই মানাবে!,0
আমাদের মেয়ে তো মাশাল্লাহ হিজাব পড়ে ,0
আপনি যাকে আপনার গল্পের নায়িকা ভাবছেন সে আপনাকে তার গল্পের পার্শ্বচরিত্রও ভাবছে না,0
"সোনা আমি তোমার মন চাই, দেহ না....কেনো তোমার পাখি কি দাঁড়ায় না।",1
"আমি নারী ..,তুমি একটা ফ্রক পড়া বেডা",0
"জ্বি স্যার, বুঝছি! বলায় আমাকে ভালো ছাত্র মনে করা স্যার কোন বই, কোন অধ্যায় কিছুই না জানা আমি",0
"আবার নির্বাচিত হলে বাংলাদেশের ২০২৬ বিশ্বকাপে খেলার আশ্বাস দেওয়ায় সালাউদ্দিন কে ধন্যবাদ দিতে
থাকা ক্রিড়া মন্ত্রী* এদিকে পুনরায় নির্বাচিত হলে বরাদ্দের সব টাকা মেরে খাওয়ার প্লেন করা সালাউদ্দিন",1
আইডির নাম ছিলো কাজি আসিফ আর আমি বার বার পরছি কাজি অফিস,0
"ব্যাচের সকলে ভালো থাকবে নাকি খারাপ থাকবে, তা নির্ভর করবে ব্যাচ সি.আরের বুদ্ধির উপর। 
আমরা ভালো নেই",1
"দুই পক্ষের কাহিনী শোনার পর বুঝলাম দোষ আসলে আমার, যে আমি ওদের কাহিনী শুনতেছি।",0
"সন্তানকে আভিজাত্য শিখান যাতে রুচিবোধ গ্রোও করে সন্তানকে দারিদ্র্যের শিক্ষা দিন যাতে অহংকারী না হয়
সন্তান নিয়েন না, আভিজাত্যে সুখে জীবন কাটান",1
আমাদের দাদাদের ছিলো অনেক বাবাদের ছিলো অল্প আর আমাদের কাছে আছে সা'উয়া ভরা গল্প,0
"আগে বললি না কেন, তুই ফকির?
হাজারবার বলেছি, দুনিয়ায় তুমি ছাড়া আমার আর কিছুই নেই। তখন শুনে তো বেশ খিলখিলিয়ে হাসতে!",1
এত শব্দে একদম পড়তে পারতেছি না যাই ইন্ডিয়া বনাম অস্ট্রেলিয়ার খেলার মাঠে গিয়ে পড়তে বসি,1
স্যার আমি পিএইচডি .. কোন সাবজেক্টে? পিএইচডি মানে পিজা হোম ডেলিভারি..,1
"কি সোনামনিরা ইংরেজিতে A+ পাও নাই? কেমনে পাবা, আরও ট্রল করো শিক্ষক দের নিয়ে",1
"আগে স্কুলের জানালা দিয়ে রাস্তা দেখতাম, এখন রাস্তা দিয়ে স্কুলের বারান্দা দেখি!",0
"কবে বিয়ে করবে' বারবার জিজ্ঞেস করায় প্রতিবেশীকে খুন!",0
"১ পেয়েও ফেইল*,৩২ পেয়েও ফেইল*",1
বিবাহিতদের এড়িয়ে চলুন। এরা আপনাকে বিয়ের জন্য উসকা'নি দিতে পারে,0
বেশি বয়সে বিয়ে করেন সিলেটের ছেলেমেয়েরা কারণ লন্ডনের ভিসা পাইতে পাইতেই জীবন অর্ধেক চলে যাচ্ছে,0
"শীতের খবর প্রথম পৌঁছে পুরুষের কানে, বাকী খবর নারিকেল তেলে জানে ।",1
"আমরা ব্যাটিং করলে বোলিং পিচ হয়ে যায় আর আমরা বোলিং করলে ব্যাটিং পিচ হয়ে যায়।
 কেমনে ভাই কেমনে!!",1
আমার জীবন-ডা কুমিল্লা বোর্ডের প্রশ্ন-পত্রের মতো,1
"মেয়েরা গরুর ভুঁড়ি খেতে ঠিকই পছন্দ করে, কিন্তু ভুঁড়িওয়ালা ছেলেদের পছন্দ করে না, কেনো?",0
"কলেজের সামনে এক বাদামওয়ালা আমাকে জিজ্ঞেস করলাম, মামা আপনি তো আশেপাশেই থাকেন এই 
কলেজটা কেমন? মামা: অনেক ভালো, আমিও এখান থেকেই ইন্টার শেষ করেছি!",1
কিছু টাকা-পয়সা হইলে কিছু আত্মীয় স্বজনকে টাইটানিক দেখতে পাঠাবো,1
"কোন ছেলে যদি তোমাকে পছন্দ করে তো নিজেকে সুন্দরী ভাবার কোনো দরকার নেই ছেলেদের সব
 মেয়েকেই সুন্দর লাগে!!",1
"রাত ৮টায় পড়তে বসার কথা ছিল কিন্তু এখন ৮টা ২ বেজে যাওয়ায়
ভাবছি রাত ৯ টায় পড়তে বসবো",0
আমি ওরে জিগাইলাম তুমি কি চাও? অয় মেসিরে বার্সেলোনাতে ফেরত চাইলো কিন্তু আমারে চাইলো না!,0
আমি বন্ধুর জন্য আধ ঘন্টা অপেক্ষা করছি কারণ বন্ধু বলছিলো ৫ মিনিট মধ্যে আসতেছি,0
"বি.সি.এস ক্যাডার ছেলে জদি তোমাকে বিয়ে করতে চায় তখন আমাকে ভুলে যাবে?
- অসম্ভব! সরকারি কোয়ার্টারে বসেও তোমাকে অনেক মিস করবো।",1
"মনে রাখবেন, আপনার রাতের পড়ার শব্দ যদি অন্য কারও বাসায় ঝাড়ুর বাড়ির কারণ না হয়
 তাহলে আপনি ভালোভাবে পড়ালেখা করছেন নাহ - মা গবেষনা কেন্দ্র",1
"মিলন একটা অশ্লীল শব্দ। এটা কিভাবে কারো নাম হতে পারে, আমার মাথায় আসেনা",1
"ফুফু দেখা হইলে-ই বলতেছে বিয়ে করে নিতে পছন্দের কেউ থাকলে বলতে তিনি আমার মা বাপের সাথে কথা
বললো, কিন্তু তার মেয়ের সাথেই প্রেম করতেছি এটা তারে কিভাবে বলি",0
"সরকার মেয়েদের পড়াশোনার বিষয়ে বেশি গুরুত্ব দেয়, কারণ সরকারও জানে যে মেয়েরা
 স্কুলে গিয়ে থাকলে ছেলেরা অবশ্যই অনুসরণ করবে।",0
"ওয়াটসঅ্যাপের নতুন আপডেট দেখে এতো টেনশন নিয়ে থাকা না,কারণ তোমারে এমনেও কেউ টেক্সট দেয় না",1
"গুচ্ছ চান্স পেয়ে আমার সাথে ব্রেকআপ করা আমার গার্লফ্রেন্ড, এদিকে মেডিকেলে চান্স পেয়েও
 সারপ্রাইজ দিবো বলে এতদিন না জানানো আমি!!",0
"জামাই : আজকে আমি খুব অসুস্থ হয়ে হাসপাতালে শুয়ে আছি 
বউ : ভুলেও নার্সের দিকে তাকাবি না না হলে চোখের হাসপাতালে ও যেতে হবে",1
কারেন্ট হলো বেডি মানুষের মত। মনে হয় আর যাবে নাহ কিন্তু ঠিকই চলে যায়!,1
"১টা এসির বিনিময়ে আমি আমার পিএসসি ও জেএসসির সার্টিফিকেট বিক্রি করতে চাই!",0
"ঢাকা বিশ্ববিদ্যালয় ভালো হলে নাকি বুয়েট...? ফুচকা বিক্রি করার জন্য",1
তোমার বোন তো জ্বীন দ্বারা পজেজড; তাকে সুস্থ করা সম্ভব বদলে একটু আমার সাথে..,0
কাল শুক্রবার সব পড়া শেষ করতে হবে আলহামদুলিল্লাহ পবিত্র বৃহস্পতিবার আজ; আগামীকাল সারাদিন ঘুম,0
মশার চো*নে ঘুমাতে পারছি না,0
"ভার্সিটিতে উঠে ঠিকমতো পড়ালেখা করিস ভাই
জিপিএ- ৫.০০ পাইছো দেখে সিজিপিএ ৪.০০ পাবা এই ধারণা করার ভুল করো না",0
জুমআর নামাজ পড়তে যেয়ে নতুন জুতা হারিয়ে ফেলেছি,0
"চিন্তা করার চেষ্টা করছি। শেষ কবে কলম কিনেছিলাম",0
আমি নিজেরে জিগাইলাম। আমি কি চাই কোনো উত্তর পাইলাম না,0
"খারাপ তো তখন লাগে যখন ভার্সিটির পাশে ঝালমুড়ি খেতে যেয়ে দেখি আমার পরীক্ষার খাতা",0
ঘুমাতে যাচ্ছি ১৮ তারিখ ডেকে দিও যদি দেখো আর্জেন্টিনা বিশ্বকাপ জিতে গেছে দাফন করে দিও,1
"এইচএসসি পরীক্ষার্থীদের অবস্থা: গা ছমছম কি হয় কি হয়, কখনও মজার কখনও বা ভয়",1
টানা দশ মিনিট স্বামীর মুখের উপর বসে থাকার পর যখন মনে পরে সে একজন শ্বাসকষ্টের রোগী,1
ভালো চাকরি পাওয়ার পর আমাকে বিয়ে করতে পারবেনা বলা আমার বফ.! এরপর তার অফিসের বস কে বিয়ে করে ফেলা আমি,0
পাশের বাসার আন্টি যখন রাস্তায় কোন মেয়ে ফ্রেন্ডের সাথে কথা বলতে দেখে,0
"নায়কের মতো ছেলের সাথে প্রেম করবা,
আর সে অভিনয় করলেই দোষ..",0
"নিজের চোখের ছবি স্টোরি দিয়ে মিউজিক এড করে
""ডুবেছি আমি তোমার চোখের অনন্ত মায়ায়!""",0
"দোস্ত, চল বাজারে যাই
না তুই বেচে দিবি আমারে",0
"চলতে চলতে গুনাহ করে যেই গাড়ি
- লেগুনা",1
"আমার বাংলাদেশি ভাইয়েরা, তারপর বলো...
রান্নাতে পিঁয়াজ দিচ্ছো তো? নাকি পিঁয়াজ ছাড়াই রান্না হচ্ছে?
এই দেখো, আমার কাছে ৫টা পিঁয়াজ আছে। কেউ কিনতে চাইলে বলো, বিক্রি করবো। আমাদের এখানে সস্তা পিঁয়াজ ভাই।",0
এক সপ্তাহ আগে কন্যা সন্তান হওয়ায়! ৬ বছর পর খুশিতে বিদেশ থেকে বাড়িতে আসছে..!,0
"মাঝি পেঁয়াজ আনছো? পেঁয়াজ, কাঁচা-মরিচ দিয়া পান্তা খামু।না কপিলা ঐগুলা বড়লোকের খাবার। আমরা তো কাচ্চি খামু।",1
আমার স্ত্রীকে বললাম সে যেন তার ভুলগুলোকে আপন করতে শিখে আর সে এসে আমাকে জড়িয়ে ধরল,1
কখনো ভেবে দেখেছো সমান্তরাল লাইনগুলো নিজেদের মধ্যে সাদৃশ্যতা কখনোই একসাথে বসে আলাপ করতে পারবেনা,1
সি ফুড ডায়েট করতেছি আমি কারণ আই সি ফুড তারপর বাকিটা ইতিহাস,1
সাঁতার করতে পারো যদি এতই স্বাস্থ্যের জন্য ভালো হয় তাহলে আমাকে তিমির সাইজ টা একটু ব্যাখ্যা দাও,1
মনটা মশারির মত হয়ে গেছে কোন দিক দিয়ে গুছানো শুরু করলে যে দেখতে ভালো লাগবে তা আর বুঝতে পারতেছি না,1
"অতীত বর্তমান ভবিষ্যৎ একসাথে জেলে ঢুকে চিন্তিত  হয়ে গেছে
কিন্তু কেন ??  কারণ ওরা টেন্স",1
যে বয়সে সফলতার সিঁড়িতে ওঠার কথা ওই বয়সে এখনো পরীক্ষার কেন্দ্রের সিঁড়িতে উঠতে উঠতে ক্লান্ত,0
মেসে খালা নাই মিল বন্ধ  মাথা ! নষ্ট লাগা খিচুড়ি,0
ছোট থাকতে বড়দের বিয়ে দেখতাম এখন বড় হয়ে ছোটদের দিয়ে দেখি কি একটা বাস্তবতা,0
কম্পিউটার সাইন্সের এত কোডিং প্যাটার্ন মনে রাখার চেয়ে বিয়ে করে বউয়ের বাধ্য আদর্শ স্বামী সাজা সোজা,1
কোন সুস্থ মস্তিষ্কের মানুষ ডিসেম্বরের এই ঠান্ডার মধ্যে পড়তে বসতে পারেনা,0
বহুদিন খোঁজ নেয়া নেওয়া বন্ধু-বান্ধবী হঠাৎ করে মেসেজ দিলে বুঝে নিবেন তারা কোন অনলাইন বিজনেস না হলে ইউটিউব চ্যানেল খুলেছে,1
এতদিন বিয়ে আটকানোর জন্য পড়াশোনা করেছে এখন মনে হয় পড়াশোনা আটকানোর জন্য বিয়ে করতে হবে,0
১২ বছরের স্কুল দুই বছরের কলেজ চার বছরের বিশ্ববিদ্যালয় জন্ম থেকেই পড়ছি শুধুমাত্র একটি সুন্দর স্ত্রীর জন্য,0
কিছু মানুষ আছে তারা যতটা আগ্রহ নিয়ে কোথায় পড়ো জিজ্ঞেস করে উত্তর ন্যাশনাল ইউনিভার্সিটি শুনলে ততটাই অনাগ্রহ মুখে ভর করে,0
ডুবে যাচ্ছি কারণ ডিপ লার্নিং শিখতে গেছিলাম,1
অনার্সের স্টুডেন্টরা সারাদিন যতই পড়াশোনা নিয়ে টেনশন করুক সেটা নিয়ে সিরিয়াস হবে পরীক্ষার আগের রাতেই,0
ভার্সিটি লেভেলে উঠে একটা বিষয় খেয়াল করলাম নেশা না করলে দৃঢ় ও টেকসই বন্ধুত্ব পাওয়া যায় না,0
বউয়ের গলায় মালা পোড়ানোর বয়সে খাতা লুজ শিটে সুতা দিয়ে বাঁধতে  হয় আর কত ভাই,0
"অনার্স পরীক্ষায় খাতায় ইমোজি দেয়ার সিস্টেম চালু করা হোক এতে আমাদের মতামত প্রযুক্তি বোঝানো সহজ হবে
",0
প্রেম হল ফুটপাতে বসা চটপটির মত খাইলেও পস্তাবে না খাইলেও পস্তাবে,1
"জীবনসঙ্গীকে হতে হবে সুস্থ মস্তিষ্কের কারণ পাগল তো আমি নিজেই
",0
তোমার হিসাববিজ্ঞানে পড়ে কি বা লাভ দিনশেষে যদি আমার মনের হিসাবটাই না বুঝতে পারো,1
"আমাকে না বলুন এতে আমার উৎসাহ বাড়ে
",0
বেকার যুবকরা হচ্ছে আত্মীয়-স্বজনদের কুরিয়ার সার্ভিস!,0
"কাজ এমনভাবে করুন, আপনার সাথে যেন আপনার বসেরও চাকরি চলে যায়!",1
"নির্বাচনের দিন ঘনিয়ে আসা বিদ্যমান নির্বাচনে দাঁড়ানো প্রার্থীর ডান কাঁধের ফেরেশতা,হাসিখুশির দিন শ্যাষ, এখন খালি নাকের পানি আর চোক্ষের পানি!",0
শুধুমাত্র শীতের মানইজ্জতের কথা ভেবে জ্যাকেট পরতেছি!,0
As if নামের একটা আইডি থেকে ফ্রেন্ড রিকোয়েস্ট এসেছে ভাবছি এটা আবার কেমন নাম? কিছুক্ষণ ভাবার পর বুঝলাম তার নাম আসলে Asif মাঝখানের স্পেসটা খুব সম্ভবত তার আর আমার জেনারেশন গ্যাপ,1
বামপন্থী বন্ধুকে যখন 'ডান'কি দেখতে যাওয়ার কথা বলি,0
খবর:বছরের দীর্ঘতম রাতটি হতে যাচ্ছে আজ meanwhile হর্নি পুরুষের স্ত্রী আইজ আমার খবর আছে!,1
"বাইক, ফ্রিজ, টিভি যারা এখনও পাননি; তারা হতাশ হবেন না। ইভ্যালির রাসেল ছাড়া পেয়েছে, মাল পাবেন।",0
"আজকে পেঁয়াজের যা দাম, বাংলাদেশের এমপি-মন্ত্রীদের হলফনামায়ও এত টাকা নাই!",0
"মানুষ হয়েও বিপদে আছি, চারপাশে শুধু ফেরেস্তা আর ফেরেস্তা ...",1
হোটেলে পেট ভরে খাওয়া-দাওয়া শেষ করে এক বন্ধু উঠে গিয়ে তার চামচটা ধুয়ে নিয়ে এলো...: তুই আবার চামচ ধুতে গেলি কেন।সেজন্য তো হোটেলে লোকই আছে। : সে আমি খুব ভালো জানি। কিন্তু ধুয়ে না নিলে আমার পকেটটা যে ময়লা হয়ে যাবে।,1
"ভাগ্যিস, অ্যানিম্যাল সিনেমায় রণবীরের জায়গায় জায়েদ খান ছিলো না। তৃপ্তি দিমরি তো তাকে বিয়ে না করে ছাড়তই না।",0
দূষিত বাতাসের তালিকায় আজ সকালে তৃতীয় ঢাকা মেয়ররা ইলেকশনের কাজে ব্যস্ত আছেন দেখে তৃতীয় হয়েছি। ইলেকশন শেষে ঠিকঠাক সময় দিতে পারলে ইনশাআল্লাহ ফার্স্ট হব।,1
নিজের বাচ্চা জিপিএ-৫ পাওয়ার চাইতে প্রতিবেশির বাচ্চা ফেল করার আনন্দ বহুগুণ বেশি!,0
"মুরাদ তুই খেলতে থাক এগিয়ে যাক মাহির ট্রাক",0
"ভূত টুথ বলে কিছু নাই এই কথাটা আমি দিনে বিশ্বাস করি কিন্তু রাতে না",1
"হাসাইলি রে সকিনার ভাতার",0
"বউ ও নাই গোসলের চিন্তাও নাই",1
"চিনি কম দুধ বেশি আমি তোমায় ভালোবাসি",0
"তুই একলাই যদি ২৩ টা স্টোরি দেছ বাকিদের টা দেখব কখন",0
যার রাতে বউ নাই তার কোলবালিশ আছে,0
"ডিমের ভিতরের অংশের নাম কুসুম হলে বাইরের অংশের কি নাম",1
ভাইয়া শুনুন ..কবে গেল? কে‌ ?  আমার বাবা তোমার বাসায়,1
বাচ্চাকাল ও শেষ বিএনপি ও শেষ,1
মহিলা টয়লেটে দাঁড়িয়ে প্রস্রাব করিবেন না,1
শখের বেটির ভাব বাড়ছে নতুন বেডি আনতে হবে লাগা ফোন,0
শখের ব্যাটা গুলা সুদানীর ফুয়া হয় কেন ?,0
মার্কা যদি হয় তোমার ওই ঠোঁট আমি একাই দিব ১৮ কোটি ভোট,0
নতুন বছর আসতেছে যদি কাউকে কষ্ট দিয়ে থাকি তাহলে আপনি ওটা ডিজার্ভ করতেন মাফ আশা কইরেন না মারা খান,0
পুরুষ আটকায় সিনিয়ার আপুতে,0
পুরা দুনিয়া ভাবে আমি প্রেম করি কিন্তু আমারে চান্দেও চিনে না সূর্যেও চিনে না,0
"হে জ্ঞানী, হাগিয়া ঢালিও পানি",0
তুই পড়াশোনা করছ না কেনো..?পরপুরুষের লেখা বই পড়তে আমার শরম করে ;,1
"আমাকে সিঙ্গেল রেখে ""তোরা কখনো সুখি হবি না!",1
"হিসু আটকিয়ে ম্যাসেজ এর রিপ্লাই দিতাম' বিয়েতো হলোই না, উল্টো কিডনিতে পাথর হয়ে গেলো কপাল!",0
ফেসবুকে ঘুরতে থাকা বিদ্যমান *দারাজঃতোর জাইঙ্গা লাগব?,0
"দোয়া করি ভাই তুই অনেক দূর এগিয়ে যা"" কিন্তু আর কখনো ফিরে আসিস না!",1
গো*পনে আমরা সবাই নাপিত,1
তুমি কী অধ্যাপক? না কিন্তু কেন? তাহলে অর্ধেক পকপক করেই ছেড়ে দাও কেন?,1
শখের নারী নাইলে হাত মারি,0
"বাংলাদেশে জেলা ২ টা ।!একটা হলো ঢাকা ,আথ একটা গ্রাম",1
কৃষকের বন্ধু:কৃষক আল হাসান,1
মোটিভেশন আর মাস্টারবেশন দুটোই এক!! এতে সাময়িক উত্তেজনা তৈরী হলেও ফলাফল শূন্য,1
"সম্পর্ক, এফোর্ট, প্রায়োরিটি - ভিক্ষা চাওয়ার জিনিস না",0
একটা বোরখা পরা মেয়ে পাগল করেছে.. ডিক ডিক ডিক্কি ডিক্কি ঢিস,0
"আমার নামে একটা বদনাম করেন, বছরের শেষটা কলঙ্ক নিয়ে শেষ করতে চাই!",0
নোয়াখাইল্লাদের রান্নাঘরে যাইতে মন চায় কেন কারণ ওরা প রে ফ বলে,1
আমরা মানুষ হিসেবে পরিচিতি লাভ করব কিভাবে?ট্রাফিক লাইটের ছবি চিহ্নিত করে,1
"গণিত বইয়ের কেন এত দুঃখ ? কারণ এখানে অনেক বেশি সমস্যা",1
দশ কেন ভয় পায় ? কারণ ও ৯/১১‌ এর মাঝখানে থাকে,1
"কোন পাখি উড়তে পারে না?মরা পাখি",1
আমার গার্লফ্রেন্ডের বিড়ালে এলার্জি বলল আমারে বিড়ালটা ফালাইয়া দিতে কিন্তু মাঝেমধ্যে এখন আমি আমার গার্লফ্রেন্ডের মিস করি,1
সাবানের নেশা আমাকে অন্তর থেকে পরিষ্কার করে দিছে,1
ফোনের অটো কারেক্ট টা বারবার জীবনকে মরণ বানায় আমাকে কি ইঙ্গিত দিতে চাইতেছে?,1
ক্লাস ক্যান্সেলের জন্য ধন্যবাদ দিতে থাকা ব্যাচমেট।গফ এর সাথে ঘুরতে যাবে বলে ক্লাস ক্যান্সেল করা সি.আর।,1
"আমার ঘন ঘন স্ট্যাটাস দেয়ার কারণ হচ্ছে, মা ছোটোকালে বলেছিল, যত লিখবি হাতের লেখা তত সুন্দর হবে।",1
২০২৩ সালে তামিম ভাইয়ের ফিফটির চেয়ে প্রেস কনফারেন্স ডাকার সংখ্যা বেশি!,1
যে পুলিশরা দাঙ্গা নিয়ন্ত্রণ করে তারা দাঙ্গা পুলিশ। আর যারা ভিআইপি বিয়ের নিরাপত্তার ব্যাপারটা দেখে তারা হাঙ্গা পুলিশ।,1
"মাগুরাবাসী কেউ মনে দুঃখ পেলে, ছ্যাঁকা খেলে, ব্যথা পেলে, শরীর খারাপ করলে রাস্তায় বের হয়ে কাঁদবেন না। সাকিব আল হাসান এসে জড়িয়ে ধরতে পারে!",1
মুশফিকুর রহিম নৌকা মার্কায় নমিনেশন নিয়ে নিতে পারে।তাহলে জয়ের আগে জয় উদযাপন করলেও সমস্যা নাই।,1
ড্যাফোডিল ফুল দেখলেও মনে হয় এই বুঝি ফুলের ভিতর থেকে দুইটা সিএস গ্র্যাজুয়েট বের হবে।,0
"ভার্সিটিতে ভর্তি হওয়ার সময় যারা কংগ্রাচুলেশন্স জানাইসিলেন, তাদের জীবনে নতুন বছর পুটকিমা'রা হিসেবে আসুক এই কামনা করি।",0
নির্বাচনে দাঁড়িয়ে গরিব হয়ে যাচ্ছে বাংলাদেশের কোটিপতিরা,0
সারা বছর আঙ্গুর খান কেউ আপনাকে কিছু বলবে না কিন্তু একদিন মেয়াদ উত্তীর্ণ আঙ্গুরের রস খান সমাজ আপনার বিচার বসাবে ,1
"সারা বছর চানাচুর খান, মানুষ আপনাকে কিছু বলবে না৷ একদিন ঘটা করে চানাচুর খান, সমাজ আপনাকে নিয়ে বিচার বসাবে।",1
বুদ্ধি থাকলে পথে নামতে হয় না। আমি বিশ তারিখে চানাচুর কিনে মজুদ করেছি। দোকানদার ভাবছিল মুড়ি দিয়ে মাখায়া খাব!,1
"জায়েদ খানের একমাত্র সুবিধা, তাকে জায়েদ খানের প্রেমে পড়তে হয় না।",1
খুব নার্ভাস ফিল করছি। জীবনে প্রথমবারের মতো ২০২৪-এ পা রাখতে যাচ্ছি।,1
"দেনা পরিশোধের প্রতিশ্রুতি দিলেন ‘ইভ্যালি’র রাসেল নির্বাচনী সিজন চলতেছে, এখন তো মানুষ প্রতিশ্রুতি দেবেই",1
"কানের অবস্থা এখন এমন হয়েছে যে, আশেপাশে যে যাই বলুক না কেন, কানে শুনি শুধু, 'জয় বাংলা, জিতবে আবার নৌকা.",1
"ভোটার হওয়ার একমাত্র সুবিধা, তাদের ভোট দিতে কেন্দ্রে যাওয়া লাগে না৷",1
"বিএনপির নেতা হওয়ার একমাত্র সুবিধা, ভাত কোথাকার খাবে সেটা নিয়ে চিন্তা করতে হয় না।",1
"বাংলাদেশ ক্রিকেট টিমের একমাত্র সুবিধা, তাদের কাপ জেতা নিয়ে টেনশন করতে হয় না।",1
"বিয়েবাড়ির ফুপা হওয়ার একমাত্র সুবিধা, তাদের অন্য কারোর রাগ হজম করতে হয় না।",1
দুইজন যমজ বোনের একজনকে বিয়ে করে তার সাথে সঙ্গম করলে অন্য বোনের পর্দা ভঙ্গ হয়না?,0
তরমুজ কেনো পুরুষ ফল জানো? কারণ তাদের বিচি আছে,1
মর্ডান হতে গিয়ে মাগী হয়ে যেতে দেখেছি,0
মাথা নষ্ট লাগা গ্যাঞ্জাম,0
একজন সাধারণ মানুষ সব ইংরেজি শব্দের বাংলা অনুবাদ জানেনা বা আয়ত্তে থাকে না। এটা অন্য মানুষ কেন বুঝে না? কিছু কিছু শব্দ তো জীবনে প্রথম শুনি! যেটা শুনা বা জানার কথা ই না।,0
"ভালবাসার সাবজেক্ট ইংরেজি নিয়ে পড়তে গিয়ে, নিজের লয়‍্যাল গার্লফ্রেন্ডকে বিনা কারনে সন্দেহ করতে শিখে গেছি।",1
"মানুষ হয়ে জন্ম নেওয়ার চেয়ে মেয়েদের মুখের মাক্স হওয়াটা খুব বেশি দরকার ছিল। অন্ততপক্ষে, সিঙ্গেল থাকার কষ্ট'টা হয়তো টের পাওয়া যেতো না..!",1
কই মানুষ শীতে বিয়ে-সাদী করে না হয় অন্যের বিয়ের দাওয়াত খায় আর আমি অনার্স পরীক্ষা দেই!,0
জীবনে গোলাপ না পাওয়ার কষ্ট হালকা কমানোর জন্য হলেও প্রথম ক্লাস হিসাবে তোহ ডিপার্টমেন্ট থেকে একটা গোলাপ দিতে পারে।,0
হিসাববিজ্ঞান বিভাগে পড়ছি বলে আমি কোনো ক্যালকুলেটর না!,0
জুনিয়র ভাইয়ারা নিজেদের ব্যাচমেট ভেবে তুমি করে বলে ফেলার পর লজ্জা পেয়ে কয়েকবার সরি বলার যেই ব্যাপারটা।,0
পিছনের জনের খাতা দেখে লিখতে আমার শরম করে! আর একেকজন দেখি চিপায়চাপায় বই রেখে লেখে।,0
"তোলারামের ছেলেদের 'জ্বীনের মতো হ্যান্ডসাম' বলে সম্বোধন তো তারাই করে, যারা নিজেরা পেত্নীর মতো গর্জিয়াস।",0
খুব ভাব নিয়ে কোনো নোভেল পড়ানোর সময় স্যারদের ভুলভাল উচ্চারণে হাসি আটকে না রাখতে পারার যে ব্যাপারটা।,0
ছেলে ছেলে ঝগরা লাগলে বের হয় রক্ত আর মেয়ে মেয়ে ঝগরা বের হয় গোপন তথ্য !!,1
"বাড়িতে মোবাইল রেখে কোথাও গেলে মনে হয়, কিডনি বাড়িতে রেখে এসেছি,",0
"কবি বলেছেন ছেলেরা দয়ালু আর মেয়েরা পচা আলু",0
নামে কি যায় আসে যার নাম বর্ষা সেও জীবনে আগুন লাগিয়ে চলে যায়,1
"সরি বউ এই শীতেও.! তোমার স্বামী হতে পারলাম না.!",0
মেয়েরা বলে সব ছেলেরা বাজে তাহলে মেয়েরা কার জন্য সাজে,1
"এই দেশে বয়ফ্রেন্ড নিজের পায়ে দাঁড়াতে দাঁড়াতে গার্লফ্রেন্ড এর বাচ্চা হাঁটা শিখে যায়",0
শালা ফেক আই ডির জ্বালায় আর বাঁচি না আজ দেখি রবীন্দ্রনাথ ঠাকুর অনলাইনে,1
"ওমা হঠাৎ পড়ে গেলেন কিভাবে? তোমার প্রেমে",1
"দোল দোল দোলনি, মানুষ চিনতে শেখনি.. বাঁশ খাবে যখনি, শিক্ষা হবে তখনি।।",0
আটার রুটি খাসির মাংস তোমার রুপে আমি ধ্বংস,0
"বাবু ডিনার করেছো, বলার মতো কেউ নেই! সেই জন্য রাতে ডিনার করি না, ভাত খেয়ে শুয়ে পরি!",0
প্রেম কাকে বলে? পরের মেয়ের জন্য নিজের সর্বনাশ ডেকে আনাকে প্রেম বলে!,0
একটা ছেলে ৫ টাকার জন্য ঝগড়া করে বাস থেকে নেমে পড়লো বাস থেকে নেমে ৬ টাকার সিগারেট কিনে মাথা ঠান্ডা করল!,0
একটা মেয়ে আমাকে দুই ঘণ্টা ধরে বোঝালো যে মেয়েরা কথা কম বলে,1
তুমি চা আমি কচুরি তোমার মা আমার শাশুড়ি,0
মেয়ে আর শিয়াল দুটাই এক। এরা নিজেদেরকে বেশি পন্ডিত ভাবে ,1
বাংলাদেশের মানুষ দুইটা কাজ করতে পছন্দ করে। বিরিয়ানির সাথে এলাচি মিশাইতে আর খেলার সাথে রাজনীতি মিশাইতে।,1
রোজার আগে মাগরিব আমাদের জন্য অপেক্ষা করে! আর রোজার সময় আমরা মাগ্রিব এর জন্য অপেক্ষা করি!,1
স্বামী কালো বলে বিচি টিপে হত্যা করল সুন্দরী স্ত্রী,0
"প্রত্যেক দোকানদার যে মিথ্যা কথা বলে ""আপা শুধুমাত্র আপনার জন্য ১০০টাকা কমাই রাখবো!""",1
"তুই না চাঁদপুর থাকস? তোর ৩১স্ট তো গতকাল ছিলো, তো আজকে সেলেব্রেট করতেসস ক্যান?",1
ফেস্টে নাচার জন্য দরকার কিন্তু আপনি মেকানিক্যাল ডিপার্টমেন্টে পড়ে।,0
অস্টে রবিবার ২দিন।,1
"ধুম্পান মৃত্যুর কারন নয়, জন্মই মৃত্যুর কারন।",1
মনখারাপ করে থাকিস না। একটা গাঞ্জাখর রেডফ্ল্যাগ ছেলে গেলে দশটা ডেন্ডিখোর রেড ফ্ল্যাগ ছেলে পাবি! ,0
"উকিলঃ ""আপনার ক্লায়েন্ট নারী নির্যাতন মামলা করবে কিভাবে, সে তো আইডেন্টিফাইস হিমশেল্ফ এস এ ওম্যান।",1
আপনি জানেন কি টম হল্যান্ড যে সারা বছরই নো নাট নভেম্বর পালন করে।,1
"তুুমি কনে, আমি বর, সাজাবো বাসরঘর।",0
"আমার ভার্সিটির ওয়েবসাইটে কি যেন হয়েছে, সিজি শুধু কম দেখায় প্রতি সেমিস্টার।",0
ভার্সিটি ৩ প্রকার।,0
"গ্রীন-টি খাওয়ার চেয়ে দুধ,চিনি দিয়ে চা খেয়ে মরে যাওয়া ভালো।",1
"আমি বলছি না আমাকে ভালো বাসতেই হবে,আমি চাই কেউ একজন অন্তত বলুক- 'টিউশন আছে,করাবা নাকি'।",0
"দাদা বিয়া করসিলো ২বার, কিন্তু দাদি মারা গেলো ৭বার।",1
ভাই রিক্সায়ালা মামা ও গাঞ্জা খায় কিন্তু তোমাদের মত মাই ডে দেয়না,0
"বুজসি বুজসি তোমরা বেস্ট ফ্রেন্ড, কিছু চলতেসেনা তোমাদের মধ্যে। মাফ করে দে।",0
"বছরটা নতুন, কিন্তু তোমার জন্য ভালোবাসা অনেক পুরানো।",0
"যেদিন আমাকে অন্য একটা মেয়ে পটায় ফেলবে, সেদিন বুঝবা।",0
"যত বেশি টক্সিক, ততো সুন্দর গার্লফ্রেন।",1
ভাই ঢাকার বাতাস অনেক দুষিত। কি করবো? পাশে দারানো ফেরিওয়ালা মামাঃ এলন মাস্ক।,1
সাপ লুদু খেলার ৯৭ ঘরের সাপটা বেডা মানুষ।,1
"ধুম্পান করতে ভয় করে, বুকের ভিতর থাকা তুমি যদি নিজ্ঞা হয়ে যাও!",1
"পাত্র পক্ষ দেখতে এসেছিলো, আমার বান্ধুবি ওদের সামনে আসসালামু আলাইকুম ইয়া আহ্লাল কবুর বলে ফেলেছে ",1
 সিগারেট খাওয়া ছেড়ে দিয়েছি কারন- বন্ধু ধুম্পানের কুফলগুলো সম্পর্কে একটি পত্র লিখে পাঠিয়েছিল।,1
"হিসু চেপে কথা বলতাম ওর সাথে, বিয়ে তো হল না, কিডনিতে পাথর হয়ে গেল।",0
"মশা পুটকির কাছেও যেয়ে পিন পিন করে, সুনতে পাননা কারন পুটকিতে কান নাই। ",1
এত সেন্টি গান ছারসে আমি নিজেও ফ্রেন্ড এর এক্সরে মিস করা শুরু করসি।,0
"জীবন আমার ভাঙ্গা ঘড়ি, ওইযে একবার ১২টা বাজসে অইখানেই আটকায় আছে।",1
"বুজঝলাম আমি ক্লাউন, কিন্তু আমি তোমার সারকাস এর অংশ নই।",0
চট্টগ্রাম এর মানুষ ঢাকায় আসে এবং অভিযোগ করে যেন তারা এসে অনেক উপকার করসে ঢাকার।,0
ব্রাউন কালচার এর জন্য বাপ কে ভালবাসি বলা থেকে বাবা খাওয়া সহজ মনেহয়।,1
"বল্লো পিএইচডি করতে চায়, কিন্তু আস্যাইমেন্ট জমা দিলো ৭৪% প্লাগারিসম।",0
"ভাবসিলাম তোমার সাথে কেমিস্ট্রি আসে, পড়ে দেখলাম অরগানিক কেমিস্ট্রি।",1
মানুষটার নাম হাসান কিন্তু তবুও কেন তার গান আমাকে কাঁদায়।,0
"সাোউলমেট খুজতে গিয়ে লুসিং মাই সোউল,মেট।",1
আমার ক্যাম্পাস নাই তো কি হইসে? তোর ক্যাম্পাস তো পানির তলে।,0
ছেলেধরা কি মেয়ে ধরেনা?,1
"প্রাইভেট উনিভার্সিটি্র পোলাপাইন মুরগি হইলে, ব্রাক এর পোলাপাইন কি টার্কি?",1
লয়ালিটি নিয়ে প্রশ্ন করার আগে জেনে রাখবেন আমি ম্যানচেস্টার ইউনাইটেড সাপোর্ট করি।,1
"নাম জান্নাতুল, কিন্তু শুধু পাপ করতে বলে।",0
"ব্রো'স বিফর হো'স, কিন্তু যদি ব্রো'স এই হো'স হয়?",0
"দামে কম,মানে ভালো, কাকলী ফার্নিচার।",0
"পশ্চিমবঙে যে চুলের ডাক্তার,মুব্বাইতে তিনি বালের ডাক্তার।",1
"ময়দা মেখে মিষ্টি হাসি, মেকমাপ ছাড়া কাজের মাসি।",0
"পা ধরে সালামি নিতে হবেনা, আমাকে পা ধরতে দাও সালামি দিয়ে দিবো।",0
"তুমি রেড ফ্লাগ না, তুমি ১০নং বিপদ সংকেত।",0
রাত হলেই বাসায় কে যেন পিঁয়াজ কাটে।,1
বলেছিলো চাঁদে নিবে নিয়ে গেলো চাঁদ-পুর।,1
মানুষকে ভুলে গোস্ট করতে করতে এতো প্যারা খাইসি যে প্যারানরমাল হয়ে গেসে।,0
"আমাকে জন সিনা ডাকো, কারন কেউ আমাকে দেখতে পারে না।",1
সেইজ এতবার হিল করলো তারপরেও এত খারাপ লাগে কেন?,1
মাংসই একমাত্র জিনিষ না যেটা কসা,1
প্রেম কি তুই ইভ্যালি তে অর্ডার করসিস যে প্রস্তাব দিতে এতদিন সময় লাগে?,1
নাম যাই হউক দিনশেষে সবাই স্যাডমান।,0
আগে টিভিতে সাকিব আল হাসানের নাম শুনলে মনে হইতো খেলার খবর চলতেছে; আর এখন শুনলে মনে হয় বিনোদন সংবাদ চলতেছে।,1
"আজ রাতে সাদা কাপড় পরা কাউকে দেখলে ভয় পাবেন না। হতে পারে উনি আপনার মরে যাওয়া আত্মীয় প্রতিবেশী, বন্ধু। এই চাঁদনি রাতে গুরুত্বপূর্ণ কিছু সিল মারতে এসেছেন।",1
"আবেগ যার ভরপুর, ভবিষ্যৎ তার চানাচুর।",0
"একটা ছেলে যদি আপনাকে পছন্দ করে, নিজেকে স্পেশাল ভাবার কোনো কারণ নেই। ছেলেরা সব মেয়েকেই পছন্দ করে।",0
"বরিশালের চমৎকার একটা দিক হলো, এখানে কেউ টিকিট না কেটে ট্রেনে চড়ে না।",1
"কী একটা দেশে বসবাস করি! পরীক্ষার আগের রাতে পড়ালেখা করে পাশ করলে দোষ নাই, দোষ শুধু আগের রাতে ভোট দিয়ে পাশ করলে!",1
"""মানুষ মূলা খায় বেশি, বায়ুদূষণ তো হবেই! আমাদের কী দোষ?""কাল্পনিক সাক্ষাৎকারে ঢাকার মেয়ররা",0
"আমি দুই সপ্তাহ ডায়েটে ছিলাম। এই দুই সপ্তাহে আমি যা হারিয়েছি তা হলো, দুই সপ্তাহ।",1
জায়েদ খান নির্বাচন করলে জীবিত এবং মৃত নারী ভক্তের ভোটেই নির্বাচিত হয়ে যেত।,1
বউ বাজার যাচ্ছি বউ কিনতে।,0
আঁখ কি? পৃথিবীর একমাত্র বাঁশ যার স্বাদ মিষ্টি।,1
জীবনটা যদি স্টার জলসার জবার মতো হতো! তাইলে আজকে আমিও জীবন যুদ্ধে আগাই যাইতাম।,0
আমরাই সেই বাঙালি যারা ফোনে বাংলা মোড অন করলে কিছু বুঝিনা।,0
আম্মু বলসে *নষ্ট ফ্রেন্ডদের সাথে মিশবিনা*। ওনাকে কে বুঝাবে ওদের লিডারই তো আমি।,0
ভাইয়া বলে আহত করার চেয়ে আঙ্কেল বলে একবারে নিহত করে দাও৷,0
"ফিউচার ডুবে যাচ্ছে সেদিকে খেয়াল নেই ,এদিকে সূর্য ডোবার ছবি তুলতে ব্যাস্ত",0
ট্রাস্ট ইস্যুজ এতটাই বেড়ে গেছে যে এমসিকিউ এর সব অপশন ভুল মনে হয়। ,0
"আমি একজন গর্ভবতী নারীকে লাথি মেরেছিলাম, যখন আমি তার পেটে ছিলাম",1
"১ টি ছাগলের সর্বনিম্ন দাম ৮০০০ টাকা,আর আপনি বিক্রি হচ্ছেন ৫০০ তে!",1
একটা মাছ পানি তে ডুবে যাচ্ছিলো আমি তুলে এনে মাটিতে রেখে দিচ্ছি এখন সে খুশিতে লাফাচ্ছে একেই বলে মানবতা ,1
"বান্ধবী লাভ লেটার দিছিলো, আমি সাজেশন ভাইবা ফটোকপি করে বন্ধুদের সব দিয়ে দিছি",0
"বৌকে আরবী শিখান, ঝগড়া লাগলে দুজনেই আরবীতে ঝ/গড়া করবেন। প্রতিবেশী ভাববে দোয়া চলতেছে",0
"ভালো ছেলেদের কপালে নাকি দজ্জাল বউ জোটে,""'কথা টি শুনাপর থেকে চোখের পানি কিছুতেই থামাতে পারছি না!",1
মশা ছাড়া কেউ আমারে জীবন দিয়ে ভালোবাসে না এতো মারি তাও আমার কাছে আসে,0
"লাইফ পার্টনার হতে হবে একদম সরকার এর মতো, কেয়ামত পর্যন্ত থাকতে চাবে",
"যদি তোমার এক্স তোমার সাথে প্রতারণা করে, এখনই যমুনা টেলিভিশনের সাথে যোগাযোগ করো থলের বিড়াল বাইরে আনতে তারা ওস্তাদ।",1
"নারীরা নাকি দুর্বল!এইদিকে শহরের সব দেয়ালে পুরুষের দুর্বলতার বিজ্ঞাপন:)",1
বিন বাজায়লাম না তারপরেও লাইফে এতো সাপ কোথায় থেকে আসলো,0
জীবনে উন্নতি করতে চাও? তাহলে আমাকে বিয়ে করো,0
জীবনে একটা প্রেম ও করি নাই এক্স এর কসম ,0
বাচ্চাদের মতো রিলেশনশিপ স্টেটাস দেয়ার ইচ্ছা আমার নেই একদিন বিয়ের পিক দিয়ে সবাইকে অবাক করে দিবো,0
"ডিভোর্স বা ছ্যাকা খাওয়ার পর একটা মেয়ে যত ধরনের হাদিস পোষ্ট করে। আমার ধারণা তত হাদিস কোন হুজুরও জানেনা।",0
"ভাইয়া ডাকার আগে ভাবি খুঁজে দিবেন!!ধন্যবাদ",1
"শয়তানের ধোঁকায় পরে তোমাকে ভালোবেসেছিলাম শেষ মেশ তুমিও ধোঁকা দিয়ে দিলা",0
"বংশ যতই ভালো হোক না কেন নানীর মাইয়া অজাতের বংশ বলবেই",1
গালি দিয়ে অযথা পাপ করবেন না‌ শুধু সেম টু ইউ বলে এগিয়ে যাবেন,0
ক্লাশে ঠিকমতো পড়া পারে না আবার ইন্সটা তে পোস্ট দেই আস্কমি এনিথিং,0
মাহির ভোটের সংখ্যা থেকে আমার এক্স এর সংখ্যা বেশি ছিল। বলে জানিয়েছেন শাকিরা নামের এক তরুণী,0
"মাহিয়া মাহির ভোট আর আমার জীবনের প্রেমের সংখ্যা  এক",1
"তেমন কিছু না, বিয়ের একদিন পর জানতে পারলাম আমার বৌ টিকটক করে",0
আপনার স্বামীকে রোজ দুধ খাওয়াবেন হারামজাদা খায় না খালি টিপে,1
"দুইডা রুটি বিস্কিট দিসিলো তাই আইয়া পড়লাম ভোট দিতে",1
"বিমানের সাথে দৌড় প্রতিযোগিতা করছিলাম,হারামজাদা না পেরে উড়ে গেলো….",1
"এক্স এর বিয়েতে, খালি গিফট বক্স দিয়ে আসবো।তখন সেও বুঝবে ধোঁকা কাকে বলে",1
"যদি তোর ডাক শুনে কেউ না আসে,তাহলে সোজা হিসাব তোরে ডাকলে তুইও যাবি না",0
আগে ধনী লোকেরা পয়সার বিনিময়ে গরিব মেয়েদের নাচ দেখতো…এখন সেই ধনী লোকদের মেয়েরা টিকটকে নাচ দেখিয়ে তাদের বাপ দাদার ঋন শোধ করছে…,0
"বিয়ের উদ্দেশ্যে প্রেম করা আর কুরবানির উদ্দেশ্যে গরু চুরি করা একই কথা",1
গোপনে পাপ মানুষকে ধ্বংস করে দেয়। আর গোপনে ইবাদত মানুষকে শ্রেষ্ঠ মর্যাদা দান করে।,0
"উপর তলায় একরুম ভাড়া দেওয়া হবে সাথে এটাস্ট বাথরুম ও কিচেন আছে।",0
"জীবনে অনেক পাপ করেছি কিন্তু কখনো,মা কে মম, বাবা কে বােম, আর বোন কে ডোম বলে ডাকিনি!",0
"চলার পথে একটা সঙ্গীর খুব প্রয়োজন, কারন টোটো ওয়ালা একা নিয়ে যেতে চায়না, নিয়ে গেলেও ভাড়া বেশি চায়",1
"তুই আমার মাথা, মাথার মতো থাকবি, ভালো ভালো আইডিয়া দিবি, তুই কেন হঠাৎ জালন্ত চুলার মতো গরম হয়ে যাবি? কি সমস্যা তোর? বল আমারে",0
মেহমান: আপনার মেয়ে কই? ওকে কখনো দেখি না। আব্বু: বাসায় মেহমান আসলে ওরে আমরাও আর দেখিনা।,1
"একটা ছিলো সোনার কন্যা, মেঘবরণ কেশ, চুল পড়তে পড়তে এখন সবশেষ।",0
"আমি সাধারন একজন মানুষ,আমি স্নান করতে করতে জীবন বদলে দেওয়ার মতো ডিসিশন নিই, আর জামা কাপড় পরার সঙ্গে সঙ্গে সেটা ভুলে যাই।",0
"আছি ফেলে তুলোঘাসের পুষ্পে উড়ে বেড়াই, প্রতিবেশি যতো অন্যের আভিলায়",0
"টুয়েলভ এর পর কলেজে ওঠা টাই ভুল হয়েছে, ভাই। পড়া ছেড়ে দিলে ভালো হতো ",1
"নিজেকে কখনো খারাপ ভাববেন না, কারন সেটা ভাবার জন্য পাড়ার লোক আছে",1
"প্রতিদিন ঘুমিয়ে পড়ার আগে ভাবি যাই হোক",0
"স্বাধীনতা কেউ দেয়না, ছিনিয়ে নিতে হয়' তাই বলে তুই অন্যের বয়ফ্রেন্ড ছিনিয়ে নিবি, এ কি",0
"স্বাধীনতা কেউ দেয়না, ছিনিয়ে নিতে হয়. এজন্যই কি নিতু আমার বয়ফ্রেন্ড ছিনিয়ে নিয়েছে তোর বয়ফ্রেন্ডের নাম কি? স্বাধীনতা",1
"বুদ্ধি থাকলে সব সম্ভব",0
"এগারো এর পর যদি বারো হয়, তাহলে একুশ এর পর বাকুশ হয় না কেন.!?",1
"আমি একশো বছর বন্দী হতে রাজি যদি কারাগারটা হয় তোমার দুটি চোখ!",0
"শুধু চেহারাটার কারণে ঠকে গেছি,না হয় দু'চারটা মেয়ে আমিও পটাতে পারতাম!",0
"আমরা সবসময় ভুল মানুষের কাছে ক্লিভেজ বের করি",0
"হাসতে হাসতে খানকি মাগি হয়ে গেলাম",0
একটু আগে শুনলাম এলাকার এক ফুচকাওয়ালাকে পুলিশ গ্রেফতার করেছে মাদকদ্রব্য বিক্রির অপরাধে।আসলে মানুষের সম্পর্কে আমরা কত কম জানি। আমি প্রায় দেড় বছর ধরে উনার নিয়মিত কাস্টমার।অথচ আজকের আগে জানতামই না যে উনি ফুচকা বিক্রি করেন।,1
"যারা বলে টাকা দিয়ে সুখ কেনা যায় না; তাঁরা আসলে জানে না কোথায় শপিং করতে হয়।",0
"বাবা আমার বোনের নাম নয়ন তারা কেন? বাবা: কারণ তোমার মা আমার চোখ অনেক ভালোবাসে ..ও আচ্ছা বাবা থ্যাঙ্ক ইউ কোন সমস্যা নাই দুদুমিয়া",1
"৭ তরিখে নানীকে কল দিয়ে আমি.“হেলো নানী আমার মরহুম নানা যিনি ৩০ বছর আগে মারা ও গেছিলেন, তিনি একটু আগে নৌকায় ভোট দিয়ে গেছে",1
"আচ্ছা আজকে তো ছয় তারিখ তাহলে কি চাঁদপুরে আজকে ভোটাভুটি শেষ",1
"কোথায় পড়িস??সাত কলেজে একটাতে পড়ে কুল পাইনা সাত টাতে পড়ার টাইম পাস কিভাবে?",1
"এই কয়টা চুল কাঠমো না গুনমু কালার কর",1
প্রপোজ আমিও পাইছিলাম কিন্তু আইডিটা আমার বন্ধুর ফেক আইডি ছিল,0
"মোটামুটি সবই বুঝি শুধু মোবাইলের সেটিংস বাংলা করলে আর কিছুই বুঝিনা",0
তুই কিসের জান্গিয়া পড়িছ রুপার ..তাহলে রুপা কি পরে হারামজাদা রুপা কোম্পানির নাম,1
মানুষ কান দিল বাংলার জন্য কিন্তু চাকরি হয় না ইংরেজির জন্য,0
মালয়েশিয়ায় অবৈধ বাংলাদেশীদের জন্য সুখবর,0
লতিফ সিদ্দিকীর আন্দোলনের মুখে ৪ কর্মীকে ছেড়ে দিল পুলিশ,0
নওগাঁয় ট্রাক-পিকআপ সং-ঘর্ষে নিহত ৩,0
চলে গেলেন সর্বকালের অন্যতম সেরা ফুটবলার বেকেনবাওয়ার।,0
অধিনায়ক ও কোচ হিসেবে জার্মানির হয়ে দুটি বিশ্বকাপ জেতা কিংবদন্তি ফুটবলার ফ্রাঞ্জ বেকেনবাওয়ার মারা গেছেন।,0
মাতৃত্বকালীন বিরতি শেষে প্রিয় টেনিস আঙিনায় ফেরা এই জাপানি তারকা নিজেকে ফিরে পেতে চান একটু একটু করে।,0
আবারও সংসদ সদস্য মাশরাফি,0
"দল থেকে বাদ শ্রেয়াস আইয়ার, ফ্লপ দক্ষিণ আফ্রিকায়; পরবর্তী টেস্ট সিরিজে সুযোগ মিলবে কি?",0
শেরপুরে ১৬ প্রার্থীর ১১ জনেরই জামানত বাতিল,0
দ্বাদশ জাতীয় সংসদ নির্বাচনে আওয়ামী লীগের পর সবচেয়ে বেশি ৬২টি জয়ী হয়েছেন স্বতন্ত্র প্রার্থীরা।,0
দ্বাদশ জাতীয় সংসদ নির্বাচনে সারা দেশে বেসরকারিভাবে নির্বাচিত ২৯৮ জন সংসদ সদস্যের মধ্যে বয়সে সবার ছোট আজিজুল ইসলাম।,0
বেনাপোল এক্সপ্রেসে আগুন,0
মেডিকেলের ভর্তি বিজ্ঞপ্তি প্রকাশের সময় পেছাল,0
ঢাকা-৪ আসনের নির্বাচনের ফল হাইকোর্টে স্থগিত,0
"আবারো তুমব্রু সীমান্তে বিস্ফোরণের শব্দ, এলাকায় আতঙ্ক",0
সিসিইউ থেকে আবার কেবিনে খালেদা জিয়া,0
শান্তি আলোচনা নিয়ে ইউক্রেনের সঙ্গে পশ্চিমাদের গোপন বৈঠক,0
ঝিনাইদহে আওয়ামী লীগ কর্মীকে কুপিয়ে হত্যা,0
নওগাঁর মান্দায় ট্রাক ও পিকআপের সংঘর্ষে তিনজন নিহত হয়েছে।,0
ফ্রান্সের কনিষ্ঠতম প্রধানমন্ত্রী গ্যাব্রিয়েল আত্তাল,0
,0